{
    "scene": "game://scenes/main.json",
    "camera": {
        "strafeSpeed": 1.0,
        "forwardSpeed": 1.0,
        "verticalSpeed": 1.0,
        "xSensibility": 1.0,
        "ySensibility": 1.0,
        "zNear": 0.0010000000474974514,
        "zFar": 1000.0,
        "fov": 1.2217304706573487,
        "eulerAngles": [
            -5.323154449462891,
            0.0,
            -12.335107803344727
        ],
        "position": [
            2.6495702266693117,
            -16.34755516052246,
            8.521493911743164
        ]
    },
    "window": {
        "x": 1920,
        "y": 23,
        "width": 1920,
        "height": 1027,
        "maximised": true
    },
    "collision_layers": {
        "Player": {
            "static": false,
            "does_not_collide_with": [
                "Player",
                "Pikmins"
            ]
        },
        "Pikmins": {
            "static": false
        },
        "Collectibles": {
            "static": false
        }
    }
}