{
    "scene": "game://scenes/main2.json",
    "selectedIDs": [
        "d5577523-8895-438a-bb4f-d14f5f73584c"
    ],
    "camera": {
        "strafeSpeed": 1.0,
        "forwardSpeed": 1.0,
        "verticalSpeed": 1.0,
        "xSensibility": 1.0,
        "ySensibility": 1.0,
        "zNear": 0.0010000000474974514,
        "zFar": 1000.0,
        "fov": 1.2217304706573487,
        "eulerAngles": [
            -5.473161220550537,
            0.0,
            13.064973831176758
        ],
        "position": [
            4.779646396636963,
            -11.306103706359864,
            9.10909366607666
        ]
    },
    "window": {
        "x": 1920,
        "y": 23,
        "width": 1920,
        "height": 1027,
        "maximised": true
    },
    "collision_layers": {
        "Player": {
            "static": false,
            "does_not_collide_with": [
                "Player",
                "Pikmins"
            ]
        },
        "Pikmins": {
            "static": false
        },
        "Collectibles": {
            "static": false
        }
    }
}