{
    "scene": "game://scenes/main.json",
    "selectedIDs": [
        "d5577523-8895-438a-bb4f-d14f5f73584c"
    ],
    "camera": {
        "strafeSpeed": 1.0,
        "forwardSpeed": 1.0,
        "verticalSpeed": 1.0,
        "xSensibility": 1.0,
        "ySensibility": 1.0,
        "zNear": 0.0010000000474974514,
        "zFar": 1000.0,
        "fov": 1.2217304706573487,
        "eulerAngles": [
            -5.92315149307251,
            0.0,
            -25.135107040405275
        ],
        "position": [
            -0.31287872791290285,
            -9.553437232971192,
            16.383026123046876
        ]
    },
    "window": {
        "x": 1920,
        "y": 23,
        "width": 1920,
        "height": 1027,
        "maximised": true
    },
    "collision_layers": {
        "Player": {
            "static": false,
            "does_not_collide_with": [
                "Player",
                "Pikmins"
            ]
        },
        "Pikmins": {
            "static": false
        },
        "Collectibles": {
            "static": false
        }
    }
}