{
    "scene": "game://scenes/main.json",
    "selectedIDs": [
        "d5577523-8895-438a-bb4f-d14f5f73584c"
    ],
    "camera": {
        "strafeSpeed": 1.0,
        "forwardSpeed": 1.0,
        "verticalSpeed": 1.0,
        "xSensibility": 1.0,
        "ySensibility": 1.0,
        "zNear": 0.0010000000474974514,
        "zFar": 1000.0,
        "fov": 1.2217304706573487,
        "eulerAngles": [
            -5.173151969909668,
            0.0,
            -12.53510856628418
        ],
        "position": [
            -6.096057415008545,
            -15.48965072631836,
            5.828473091125488
        ]
    },
    "window": {
        "x": 1920,
        "y": 23,
        "width": 1920,
        "height": 1027,
        "maximised": true
    },
    "collision_layers": {
        "Player": {
            "static": false,
            "does_not_collide_with": [
                "Player",
                "Pikmins"
            ]
        },
        "Pikmins": {
            "static": false
        },
        "Collectibles": {
            "static": false
        }
    }
}